Year,Month,MonthName,M01AB,M01AE,N02BA,N02BE,N05B,N05C,R03,R06,YearMonth
2014,1,Jan,127.69,99.09,152.1,878.03,354.0,30.0,112.0,48.2,2014-01
2014,2,Feb,133.32,126.05,177.0,1001.9,347.0,31.0,122.0,36.2,2014-02
2014,3,Mar,137.44,92.95,147.655,779.275,232.0,20.0,112.0,85.4,2014-03
2014,4,Apr,113.1,89.475,125.15,698.5,209.0,18.0,97.0,73.7,2014-04
2014,5,May,101.78999999999999,119.93299999999999,132.1,628.78,270.0,23.0,107.0,123.7,2014-05
2014,6,Jun,112.07,94.71,122.9,548.225,323.0,23.0,57.0,109.3,2014-06
2014,7,Jul,117.06,95.00999999999999,129.3,491.9,348.0,21.0,61.0,69.1,2014-07
2014,8,Aug,124.78999999999999,99.78,123.8,547.35,420.0,29.0,37.0,70.8,2014-08
2014,9,Sep,108.78,109.094,112.1,887.8199999999999,399.0,14.0,115.0,58.8,2014-09
2014,10,Oct,101.195,108.7513125,140.5375,1073.136875,432.0625,19.625,160.0,46.6875,2014-10
2014,11,Nov,138.08,100.86,142.7,723.8,489.0,19.0,112.0,45.2,2014-11
2014,12,Dec,131.9,121.401,111.124,1015.66,492.0,25.0,163.0,33.4,2014-12
2015,1,Jan,135.91,130.349,141.0,1044.24,463.0,24.0,177.25,42.0,2015-01
2015,2,Feb,115.71,123.74,131.83,953.2520000000001,243.0,9.0,208.0,47.0,2015-02
2015,3,Mar,156.04,129.386,133.8,1084.85,208.0,13.0,170.0,54.0,2015-03
2015,4,Apr,154.5,101.115,122.10000000000001,940.17,192.0,5.0,97.0,112.0,2015-04
2015,5,May,160.02,119.117,136.04,765.9,194.0,10.0,100.0,159.5,2015-05
2015,6,Jun,151.87,113.69,145.46,715.413,217.0,12.0,193.0,125.8,2015-06
2015,7,Jul,175.60999999999999,113.81,125.5,708.828,203.0,6.0,60.0,130.3,2015-07
2015,8,Aug,181.69,144.519,133.4,790.788,265.5,15.0,45.0,83.7,2015-08
2015,9,Sep,166.22,134.122,110.4,852.125,243.5,11.0,91.0,71.0,2015-09
2015,10,Oct,195.81,127.231,146.2,1574.335,222.0,8.0,184.0,72.0,2015-10
2015,11,Nov,142.78,128.233,145.9,1234.975,228.0,18.0,165.0,44.0,2015-11
2015,12,Dec,159.46,131.291,137.0,1258.349,286.0,28.0,231.0,41.73,2015-12
2016,1,Jan,171.65,128.40200000000002,172.5,1476.324,248.0,24.0,174.0,56.5,2016-01
2016,2,Feb,173.81,137.528,134.2,1224.862,239.0,20.0,245.0,58.0,2016-02
2016,3,Mar,156.64,165.589,148.4,1150.7,250.0,13.0,253.0,97.84,2016-03
2016,4,Apr,166.61,146.526,147.7,998.337,292.0,18.0,216.0,162.4,2016-04
2016,5,May,167.36,120.861,130.55,997.15,255.0,18.0,131.0,137.1,2016-05
2016,6,Jun,169.67,114.961,117.75,760.05,280.5,20.0,127.0,134.8,2016-06
2016,7,Jul,194.528333333,141.019,137.9,652.362,240.0,8.0,109.0,116.83,2016-07
2016,8,Aug,211.13,114.375,132.7,686.38333334,275.5,12.0,116.0,85.3,2016-08
2016,9,Sep,172.96,126.218,116.7,1118.699,307.0,18.0,121.0,69.3,2016-09
2016,10,Oct,186.76,142.056,160.15,1583.69166667,290.83333333,11.0,220.0,60.9,2016-10
2016,11,Nov,166.846666667,116.85,133.85,1062.686,234.16666667,27.0,150.0,51.2,2016-11
2016,12,Dec,169.32,135.056,122.816666667,1624.335,226.33333333,18.0,275.0,34.9,2016-12
2017,1,Jan,181.902083334,150.991249999,191.27083333299998,1439.36,443.749999984,34.166666666,196.406250002,61.750000001000004,2017-01
2017,2,Feb,159.99,125.339083334,122.875000001,670.87583333,178.791666657,11.166666667,140.33333333299998,38.099999999,2017-02
2017,3,Mar,162.85,111.055,107.35,612.5,165.0,9.0,109.0,100.1,2017-03
2017,4,Apr,155.61,101.215,100.5,540.2,132.0,9.0,180.875,122.4,2017-04
2017,5,May,143.66,118.125,98.95,547.9399999999999,148.0,23.0,128.0,161.81,2017-05
2017,6,Jun,122.33,103.006,99.6,496.1,163.0,8.0,163.0,151.9,2017-06
2017,7,Jul,150.295,116.206,75.2,479.35,219.0,15.0,115.0,81.1,2017-07
2017,8,Aug,170.15,112.47,84.39999999999999,549.3,239.0,12.0,75.0,60.1,2017-08
2017,9,Sep,138.33,118.711,88.15,863.75,223.0,23.0,139.0,66.9,2017-09
2017,10,Oct,137.64,88.737,100.4,1184.35,226.0,15.0,247.0,51.0,2017-10
2017,11,Nov,163.85,119.78,104.45,867.899,192.0,15.0,196.0,46.6,2017-11
2017,12,Dec,160.01,121.663,115.15,1007.1800000000001,226.0,6.0,204.0,47.1,2017-12
2018,1,Jan,132.28,109.446,101.15,1134.325,229.0,11.0,219.0,49.5,2018-01
2018,2,Feb,128.36,132.804,114.65,1255.374,268.0,12.0,224.25,39.06,2018-02
2018,3,Mar,146.16,111.764,122.3,999.123,381.0,42.0,269.0,85.5,2018-03
2018,4,Apr,170.02,107.723,84.6,803.287,289.0,14.0,229.0,197.1,2018-04
2018,5,May,160.52,103.522,89.4,644.648,259.0,13.0,167.0,213.04,2018-05
2018,6,Jun,141.18,114.226,86.8,584.343,248.0,18.0,101.0,120.8,2018-06
2018,7,Jul,150.18,132.549,87.2,679.35,283.0,19.0,90.0,122.2,2018-07
2018,8,Aug,140.0,114.719,88.25,733.838,253.0,20.0,159.0,103.1,2018-08
2018,9,Sep,153.52,114.99199999999999,86.5,1058.262,263.0,12.0,205.0,88.1,2018-09
2018,10,Oct,144.71,129.4,76.05,1129.275,287.0,25.0,327.0,76.9,2018-10
2018,11,Nov,172.29,105.487,102.15,995.15,252.2,22.0,311.0,48.4,2018-11
2018,12,Dec,147.71,113.024,84.75,1213.95,254.0,27.0,354.0,53.1,2018-12
2019,1,Jan,179.7,189.646,99.7,1660.612,295.2,23.0,386.0,41.3,2019-01
2019,2,Feb,133.73,142.155,110.2,1001.212,249.4,12.0,226.0,69.5,2019-02
2019,3,Mar,154.52,113.118,83.35,941.0500000000001,301.4,19.0,257.0,169.5,2019-03
2019,4,Apr,161.39,100.16499999999999,88.1,647.65,299.4,22.0,219.0,179.1,2019-04
2019,5,May,168.04,97.258,104.1,703.562,265.8,26.0,298.29166667,135.4,2019-05
2019,6,Jun,151.54,101.627,103.2,610.0,193.0,25.0,142.0,156.04,2019-06
2019,7,Jul,181.0,103.541,92.8,620.675,250.6,20.0,115.0,105.2,2019-07
2019,8,Aug,181.91,88.269,84.2,518.1,237.0,26.0,145.0,97.3,2019-08
2019,9,Sep,161.07,111.437,93.5,984.48,227.8,16.0,121.416666667,109.1,2019-09
2019,10,Oct,44.37,37.3,20.65,295.15,86.0,7.0,37.0,11.129999999999999,2019-10
