Period,Rank,ATC_Code,Drug_Category,Total_Sales
January 2015,1,N02BE,Analgesics Anilides Paracetamol,1044.24
January 2015,2,N05B,Anxiolytics,463.0
January 2015,3,R03,Respiratory Obstructive airway,177.25
July 2016,1,N02BE,Analgesics Anilides Paracetamol,652.36
July 2016,2,N05B,Anxiolytics,240.0
July 2016,3,M01AB,Anti-inflammatory Acetic acid,194.53
September 2017,1,N02BE,Analgesics Anilides Paracetamol,863.75
September 2017,2,N05B,Anxiolytics,223.0
September 2017,3,R03,Respiratory Obstructive airway,139.0
