datum,Year,Month,MonthName,Quarter,Week,Frequency,M01AB,M01AE,N02BA,N02BE,N05B,N05C,R03,R06,Total_Sales
2014-01-05,2014,1,Jan,1,1,Weekly,14.0,11.67,21.3,185.95,41.0,0.0,32.0,7.0,312.91999999999996
2014-01-12,2014,1,Jan,1,2,Weekly,29.33,12.68,37.9,190.7,88.0,5.0,21.0,7.2,391.81
2014-01-19,2014,1,Jan,1,3,Weekly,30.67,26.34,45.9,218.4,80.0,8.0,29.0,12.0,450.31
2014-01-26,2014,1,Jan,1,4,Weekly,34.0,32.37,31.5,179.6,80.0,8.0,23.0,10.0,398.47
2014-02-02,2014,2,Feb,1,5,Weekly,31.02,23.35,20.7,159.88,84.0,12.0,29.0,12.0,371.95
2014-02-09,2014,2,Feb,1,6,Weekly,22.65,29.72,53.3,226.8,98.0,7.0,31.0,6.0,474.47
2014-02-16,2014,2,Feb,1,7,Weekly,33.33,30.69,47.3,320.7,89.0,14.0,18.0,16.2,569.22
2014-02-23,2014,2,Feb,1,8,Weekly,39.01,34.25,44.2,232.7,99.0,5.0,35.0,7.0,496.15999999999997
2014-03-02,2014,3,Mar,1,9,Weekly,36.68,28.75,40.355,222.5,52.0,2.0,16.0,10.1,408.385
2014-03-09,2014,3,Mar,1,10,Weekly,25.02,21.11,31.8,202.375,48.0,4.0,16.0,9.2,357.505
2014-03-16,2014,3,Mar,1,11,Weekly,32.35,23.77,36.2,164.8,90.0,5.0,36.0,19.0,407.12
2014-03-23,2014,3,Mar,1,12,Weekly,39.36,23.72,26.1,202.8,36.0,4.0,27.0,23.6,382.58000000000004
2014-03-30,2014,3,Mar,1,13,Weekly,25.69,17.33,36.2,136.6,42.0,6.0,29.0,24.5,317.32
2014-04-06,2014,4,Apr,2,14,Weekly,19.68,22.05,36.4,153.7,31.0,7.0,27.0,20.0,316.83
2014-04-13,2014,4,Apr,2,15,Weekly,36.03,20.38,21.2,141.0,46.0,4.0,22.0,20.3,310.91
2014-04-20,2014,4,Apr,2,16,Weekly,27.36,19.38,35.15,134.2,59.0,1.0,24.0,20.0,320.09
2014-04-27,2014,4,Apr,2,17,Weekly,26.36,20.215,22.0,182.5,54.0,4.0,16.0,13.0,338.075
2014-05-04,2014,5,May,2,18,Weekly,22.02,27.16,23.9,176.6,49.0,6.0,24.0,13.9,342.58
2014-05-11,2014,5,May,2,19,Weekly,24.67,32.485,29.6,151.6,69.0,11.0,15.0,36.0,369.355
2014-05-18,2014,5,May,2,20,Weekly,22.38,26.4,35.2,154.0,56.0,2.0,42.0,18.5,356.48
2014-05-25,2014,5,May,2,21,Weekly,25.02,22.278,33.7,115.7,56.0,5.0,20.0,36.6,314.298
2014-06-01,2014,6,Jun,2,22,Weekly,17.71,22.08,25.1,143.38,69.0,3.0,19.0,28.1,327.37
2014-06-08,2014,6,Jun,2,23,Weekly,23.34,23.06,33.9,154.425,64.0,8.0,19.0,27.5,353.225
2014-06-15,2014,6,Jun,2,24,Weekly,29.03,17.4,23.6,95.3,87.0,8.0,20.0,36.8,317.13
2014-06-22,2014,6,Jun,2,25,Weekly,31.68,20.73,26.1,106.7,66.0,5.0,11.0,24.0,291.21
2014-06-29,2014,6,Jun,2,26,Weekly,21.02,27.5,37.3,156.8,96.0,1.0,6.0,18.0,363.62
2014-07-06,2014,7,Jul,3,27,Weekly,27.35,24.74,30.0,135.8,64.0,3.0,8.0,10.0,302.89
2014-07-13,2014,7,Jul,3,28,Weekly,26.01,22.38,34.7,122.8,83.0,7.0,27.0,16.2,339.09
2014-07-20,2014,7,Jul,3,29,Weekly,33.67,20.76,20.5,96.0,84.0,6.0,12.0,14.4,287.33
2014-07-27,2014,7,Jul,3,30,Weekly,28.01,28.77,33.1,116.2,77.0,2.0,8.0,16.0,309.08
2014-08-03,2014,8,Aug,3,31,Weekly,20.02,7.71,23.2,95.1,80.0,9.0,11.0,16.5,262.53
2014-08-10,2014,8,Aug,3,32,Weekly,28.36,19.74,28.4,123.6,83.0,8.0,3.0,16.9,311.0
2014-08-17,2014,8,Aug,3,33,Weekly,26.02,19.53,34.7,103.4,99.0,5.0,3.0,23.6,314.25
2014-08-24,2014,8,Aug,3,34,Weekly,36.36,25.225,20.5,111.2,92.0,7.0,14.0,11.3,317.58500000000004
2014-08-31,2014,8,Aug,3,35,Weekly,22.05,31.275,29.0,160.15,112.0,3.0,12.0,15.0,384.475
2014-09-07,2014,9,Sep,3,36,Weekly,29.7,29.369,23.6,113.72,109.0,5.0,9.0,18.6,337.98900000000003
2014-09-14,2014,9,Sep,3,37,Weekly,18.7,22.41,22.4,216.35,104.0,0.0,28.0,10.2,422.06
2014-09-21,2014,9,Sep,3,38,Weekly,18.02,22.915,28.7,227.1,69.0,3.0,44.0,8.0,420.735
2014-09-28,2014,9,Sep,3,39,Weekly,25.36,25.38,31.1,239.55,95.0,4.0,2.0,16.0,438.39
2014-10-05,2014,10,Oct,4,40,Weekly,32.35,26.456,30.6,272.04,73.0,3.0,81.0,14.0,532.446
2014-10-12,2014,10,Oct,4,41,Weekly,23.7,23.085,33.1,296.975,103.0,7.0,21.0,10.5,518.36
2014-10-19,2014,10,Oct,4,42,Weekly,23.115,30.6103125,28.3375,223.621875,96.0625,4.625,28.0,13.1875,447.5596875
2014-10-26,2014,10,Oct,4,43,Weekly,19.69,25.14,25.2,213.6,95.0,3.0,30.0,10.0,421.63
2014-11-02,2014,11,Nov,4,44,Weekly,25.67,14.82,34.1,203.8,112.5,4.0,39.0,7.0,440.89
2014-11-09,2014,11,Nov,4,45,Weekly,40.67,31.05,29.8,177.9,152.0,5.0,25.0,6.2,467.62
2014-11-16,2014,11,Nov,4,46,Weekly,31.67,24.34,31.3,177.1,110.0,4.0,22.0,10.2,410.60999999999996
2014-11-23,2014,11,Nov,4,47,Weekly,28.35,25.04,37.5,161.5,105.5,3.0,38.0,8.7,407.59
2014-11-30,2014,11,Nov,4,48,Weekly,31.06,18.09,39.6,161.5,96.0,7.0,20.0,18.1,391.35
2014-12-07,2014,12,Dec,4,49,Weekly,28.69,30.281,18.3,175.7,114.0,4.0,40.0,9.4,420.371
2014-12-14,2014,12,Dec,4,50,Weekly,25.02,22.02,30.4,221.58,109.0,7.0,21.0,3.0,439.02
2014-12-21,2014,12,Dec,4,51,Weekly,25.01,20.69,24.34,203.6,78.0,6.0,31.0,6.0,394.64
2014-12-28,2014,12,Dec,4,52,Weekly,36.18,32.79,27.784,282.7,154.0,4.0,54.0,12.0,603.454
2015-01-04,2015,1,Jan,1,1,Weekly,36.68,34.54,24.7,300.22,65.0,7.0,25.25,10.0,503.39000000000004
2015-01-11,2015,1,Jan,1,2,Weekly,19.34,37.311,32.9,234.4,98.0,7.0,39.0,10.0,477.951
2015-01-18,2015,1,Jan,1,3,Weekly,39.35,30.35,38.8,231.45,115.0,4.0,32.0,9.0,499.95
2015-01-25,2015,1,Jan,1,4,Weekly,29.69,14.538,32.2,246.55,128.0,3.0,58.0,8.0,519.9780000000001
2015-02-01,2015,2,Feb,1,5,Weekly,32.19,36.58,29.7,199.3,101.0,8.0,40.0,9.0,455.77
2015-02-08,2015,2,Feb,1,6,Weekly,20.34,31.329,31.6,195.25,74.0,1.0,36.0,11.0,400.519
2015-02-15,2015,2,Feb,1,7,Weekly,35.01,29.646,44.2,222.82,77.0,4.0,65.0,13.0,490.676
2015-02-22,2015,2,Feb,1,8,Weekly,21.67,32.782,20.63,283.812,34.0,2.0,69.0,14.0,477.894
2015-03-01,2015,3,Mar,1,9,Weekly,43.35,30.526,31.1,241.67,54.0,5.0,38.0,12.0,455.64599999999996
2015-03-08,2015,3,Mar,1,10,Weekly,41.68,25.777,23.7,245.35,39.0,1.0,17.0,10.0,403.507
2015-03-15,2015,3,Mar,1,11,Weekly,27.02,29.867,33.0,267.6,53.0,2.0,35.0,13.0,460.487
2015-03-22,2015,3,Mar,1,12,Weekly,42.0,27.35,24.3,254.4,55.0,2.0,58.0,6.0,469.05
2015-03-29,2015,3,Mar,1,13,Weekly,25.01,31.672,28.9,232.4,49.0,4.0,58.0,17.0,445.98199999999997
2015-04-05,2015,4,Apr,2,14,Weekly,35.01,23.807,42.1,227.87,42.0,3.0,15.0,21.0,409.78700000000003
2015-04-12,2015,4,Apr,2,15,Weekly,40.18,24.825,30.4,189.7,45.0,2.0,40.0,19.0,391.105
2015-04-19,2015,4,Apr,2,16,Weekly,41.65,22.868,32.0,224.3,42.0,0.0,19.0,26.0,407.818
2015-04-26,2015,4,Apr,2,17,Weekly,36.66,21.835,24.9,239.1,46.0,0.0,6.0,24.0,398.495
2015-05-03,2015,5,May,2,18,Weekly,29.34,21.013,23.94,196.8,40.0,2.0,20.0,41.7,374.793
2015-05-10,2015,5,May,2,19,Weekly,22.0,34.129,30.8,166.2,48.0,3.0,26.0,38.8,368.92900000000003
2015-05-17,2015,5,May,2,20,Weekly,35.0,31.083,39.5,198.35,34.0,0.0,12.0,36.7,386.633
2015-05-24,2015,5,May,2,21,Weekly,35.68,23.452,23.2,126.85,54.0,2.0,10.0,29.8,304.982
2015-05-31,2015,5,May,2,22,Weekly,50.33,24.047,32.5,196.1,44.0,3.0,51.0,38.5,439.477
2015-06-07,2015,6,Jun,2,23,Weekly,35.34,28.02,27.7,143.55,54.0,5.0,53.0,28.0,374.61
2015-06-14,2015,6,Jun,2,24,Weekly,28.34,24.99,30.5,167.476,55.0,3.0,26.0,27.6,362.906
2015-06-21,2015,6,Jun,2,25,Weekly,41.67,23.04,35.76,174.4,52.0,3.0,83.0,34.9,447.77
2015-06-28,2015,6,Jun,2,26,Weekly,39.84,29.31,41.5,172.987,29.0,1.0,18.0,28.0,359.637
2015-07-05,2015,7,Jul,3,27,Weekly,36.36,27.02,28.3,152.1,66.0,1.0,35.0,30.3,376.08
2015-07-12,2015,7,Jul,3,28,Weekly,30.51,26.38,24.2,198.25,52.0,0.0,21.0,40.5,392.84000000000003
2015-07-19,2015,7,Jul,3,29,Weekly,38.71,20.37,23.0,142.75,26.0,3.0,7.0,26.3,287.13
2015-07-26,2015,7,Jul,3,30,Weekly,36.35,23.34,27.8,171.85,44.0,2.0,7.0,25.0,337.34
2015-08-02,2015,8,Aug,3,31,Weekly,50.36,36.73,40.2,134.878,65.0,0.0,3.0,19.5,349.668
2015-08-09,2015,8,Aug,3,32,Weekly,33.83,22.65,31.7,168.2,42.0,4.0,11.0,17.7,331.08
2015-08-16,2015,8,Aug,3,33,Weekly,41.01,37.703,33.6,169.688,64.0,3.0,7.0,20.0,376.001
2015-08-23,2015,8,Aug,3,34,Weekly,41.17,24.746,29.0,194.0,65.0,5.0,10.0,18.0,386.916
2015-08-30,2015,8,Aug,3,35,Weekly,51.68,38.38,27.7,186.9,62.0,3.0,11.0,22.0,402.66
2015-09-06,2015,9,Sep,3,36,Weekly,39.35,41.22,25.3,180.15,66.5,3.0,22.0,21.0,398.52
2015-09-13,2015,9,Sep,3,37,Weekly,38.33,33.632,34.1,236.2,56.0,4.0,24.0,17.0,443.26199999999994
2015-09-20,2015,9,Sep,3,38,Weekly,38.67,27.551,23.9,189.1,56.5,0.0,17.0,18.0,370.721
2015-09-27,2015,9,Sep,3,39,Weekly,41.22,31.036,23.5,207.075,50.0,4.0,17.0,14.0,387.831
2015-10-04,2015,10,Oct,4,40,Weekly,44.65,30.079,22.0,245.662,41.0,0.0,50.0,10.0,443.391
2015-10-11,2015,10,Oct,4,41,Weekly,45.33,24.244,34.4,333.337,73.5,4.0,51.0,18.0,583.8109999999999
2015-10-18,2015,10,Oct,4,42,Weekly,42.66,40.093,35.9,423.174,41.5,1.0,32.0,16.0,632.327
2015-10-25,2015,10,Oct,4,43,Weekly,48.17,21.835,30.9,352.762,42.0,1.0,40.0,19.0,555.667
2015-11-01,2015,11,Nov,4,44,Weekly,29.98,28.993,35.6,377.4,59.0,2.0,33.0,12.0,577.973
2015-11-08,2015,11,Nov,4,45,Weekly,32.49,28.097,34.7,342.875,60.0,6.0,33.0,10.0,547.162
2015-11-15,2015,11,Nov,4,46,Weekly,36.97,38.11,42.4,249.3,52.0,4.0,70.0,7.0,499.78
2015-11-22,2015,11,Nov,4,47,Weekly,32.01,23.792,29.9,273.5,55.0,4.0,32.0,13.0,463.202
2015-11-29,2015,11,Nov,4,48,Weekly,31.65,28.419,28.3,253.6,45.0,3.0,19.0,11.0,419.969
2015-12-06,2015,12,Dec,4,49,Weekly,31.32,24.97,29.4,278.25,54.0,12.0,25.0,9.33,464.27
2015-12-13,2015,12,Dec,4,50,Weekly,41.51,36.286,40.2,234.887,58.0,3.0,72.0,11.1,496.983
2015-12-20,2015,12,Dec,4,51,Weekly,32.99,24.385,25.1,216.6,47.0,6.0,52.0,6.0,410.075
2015-12-27,2015,12,Dec,4,52,Weekly,31.98,26.858,26.5,330.062,75.0,5.0,50.0,11.3,556.6999999999999
2016-01-03,2016,1,Jan,1,53,Weekly,33.33,25.637,24.3,341.15,58.0,4.0,48.0,13.0,547.4169999999999
2016-01-10,2016,1,Jan,1,1,Weekly,41.65,25.136,41.3,342.2,48.0,4.0,35.0,9.0,546.2860000000001
2016-01-17,2016,1,Jan,1,2,Weekly,51.67,27.211,50.5,365.25,82.0,0.0,21.0,12.0,609.631
2016-01-24,2016,1,Jan,1,3,Weekly,27.98,33.375,39.7,320.5,65.0,9.0,46.0,17.0,558.5550000000001
2016-01-31,2016,1,Jan,1,4,Weekly,46.01,37.66,37.5,341.074,52.0,10.0,62.0,12.5,598.744
2016-02-07,2016,2,Feb,1,5,Weekly,51.66,38.957,34.6,321.824,39.0,5.0,37.0,10.0,538.0409999999999
2016-02-14,2016,2,Feb,1,6,Weekly,33.83,36.618,37.1,294.613,71.0,3.0,78.0,16.0,570.1610000000001
2016-02-21,2016,2,Feb,1,7,Weekly,38.67,23.442,24.6,272.95,52.0,7.0,60.0,12.0,490.662
2016-02-28,2016,2,Feb,1,8,Weekly,42.65,30.851,33.9,289.275,64.0,5.0,67.0,19.0,551.6759999999999
2016-03-06,2016,3,Mar,1,9,Weekly,38.16,38.082,33.8,298.8,55.0,4.0,28.0,19.0,514.842
2016-03-13,2016,3,Mar,1,10,Weekly,28.83,44.87,25.1,255.7,41.0,2.0,62.0,12.34,471.84
2016-03-20,2016,3,Mar,1,11,Weekly,42.64,48.752,32.9,244.662,67.0,3.0,81.0,26.0,545.954
2016-03-27,2016,3,Mar,1,12,Weekly,35.5,26.515,45.4,283.488,72.0,4.0,52.0,26.0,544.903
2016-04-03,2016,4,Apr,2,13,Weekly,38.18,27.436,30.2,270.45,41.0,0.0,74.0,44.4,525.6659999999999
2016-04-10,2016,4,Apr,2,14,Weekly,47.66,41.244,28.25,200.65,35.0,6.0,60.0,40.6,459.404
2016-04-17,2016,4,Apr,2,15,Weekly,27.66,32.917,31.5,255.225,80.33333333,3.0,50.0,39.9,520.5353333300001
2016-04-24,2016,4,Apr,2,16,Weekly,32.98,26.154,36.2,177.15,54.0,8.0,40.0,26.8,401.28400000000005
2016-05-01,2016,5,May,2,17,Weekly,38.64,33.805,36.75,209.112,109.6666667,1.0,25.0,26.2,480.1736667
2016-05-08,2016,5,May,2,18,Weekly,35.32,35.0,21.0,257.5,54.0,4.0,9.0,32.0,447.82
2016-05-15,2016,5,May,2,19,Weekly,34.34,31.64,33.75,220.9,56.0,1.0,35.0,20.5,433.13
2016-05-22,2016,5,May,2,20,Weekly,28.68,27.962,33.6,240.0,61.0,3.0,46.0,34.2,474.44199999999995
2016-05-29,2016,5,May,2,21,Weekly,59.68,19.906,34.6,228.35,78.0,10.0,21.0,40.4,491.936
2016-06-05,2016,6,Jun,2,22,Weekly,41.67,22.859,22.25,154.05,50.0,3.0,35.0,31.0,359.829
2016-06-12,2016,6,Jun,2,23,Weekly,55.99,26.003,25.0,228.962,58.0,3.0,36.0,38.2,471.155
2016-06-19,2016,6,Jun,2,24,Weekly,28.67,30.571,28.25,185.4,60.0,2.0,42.0,37.0,413.891
2016-06-26,2016,6,Jun,2,25,Weekly,34.35,25.572,32.65,163.038,71.0,0.0,22.0,25.6,374.21000000000004
2016-07-03,2016,7,Jul,3,26,Weekly,33.66,27.616,34.1,147.0,61.5,12.0,45.0,28.0,388.876
2016-07-10,2016,7,Jul,3,27,Weekly,41.34,41.462,27.05,152.0,64.0,5.0,15.0,24.3,370.152
2016-07-17,2016,7,Jul,3,28,Weekly,41.89833333,32.483,25.0,150.262,50.0,0.0,21.0,32.53,353.17333333
2016-07-24,2016,7,Jul,3,29,Weekly,39.65,25.947,38.3,147.6,42.0,0.0,10.0,22.0,325.49699999999996
2016-07-31,2016,7,Jul,3,30,Weekly,56.31,29.82,30.65,134.5,70.0,3.0,30.0,23.0,377.28
2016-08-07,2016,8,Aug,3,31,Weekly,53.99,25.306,32.4,162.6,111.5,1.0,62.0,20.3,469.096
2016-08-14,2016,8,Aug,3,32,Weekly,53.34,34.554,35.1,170.9166667,84.0,5.0,13.0,19.0,414.9106667
2016-08-21,2016,8,Aug,3,33,Weekly,43.98,23.31,27.0,162.75,45.0,4.0,17.0,22.5,345.53999999999996
2016-08-28,2016,8,Aug,3,34,Weekly,40.16,23.388,29.2,143.8166667,24.0,2.0,21.0,17.2,300.7646667
2016-09-04,2016,9,Sep,3,35,Weekly,47.66,23.918,25.5,172.8,53.0,0.0,16.0,20.3,359.17800000000005
2016-09-11,2016,9,Sep,3,36,Weekly,32.63,33.196,30.35,255.024,72.0,8.0,26.0,20.0,477.2
2016-09-18,2016,9,Sep,3,37,Weekly,37.66,34.522,20.9,225.15,93.0,0.0,37.0,12.1,460.332
2016-09-25,2016,9,Sep,3,38,Weekly,33.67,27.927,25.5,264.225,67.0,5.0,29.0,11.0,463.322
2016-10-02,2016,10,Oct,4,39,Weekly,65.33,26.178,34.35,382.338,44.0,5.0,38.0,17.2,612.3960000000001
2016-10-09,2016,10,Oct,4,40,Weekly,36.35,31.957,35.5,418.187,30.0,2.0,46.0,13.5,613.494
2016-10-16,2016,10,Oct,4,41,Weekly,41.65,29.267,38.2,347.35,134.8333333,3.0,59.0,13.3,666.6003333
2016-10-23,2016,10,Oct,4,42,Weekly,38.96,34.651,32.8,293.8166667,41.0,3.0,47.0,15.1,506.3276667
2016-10-30,2016,10,Oct,4,43,Weekly,42.81,30.655,39.75,346.0,68.0,3.0,29.0,9.0,568.215
2016-11-06,2016,11,Nov,4,44,Weekly,34.98666667,21.959,26.5,256.55,54.0,3.0,42.0,23.2,462.19566667
2016-11-13,2016,11,Nov,4,45,Weekly,46.33,33.97,37.3,260.8,67.16666667,4.0,36.0,10.6,496.16666667
2016-11-20,2016,11,Nov,4,46,Weekly,37.66,22.319,32.75,252.812,50.0,9.0,22.0,10.4,436.941
2016-11-27,2016,11,Nov,4,47,Weekly,37.02,32.399,30.95,243.124,45.0,9.0,48.0,12.0,457.493
2016-12-04,2016,12,Dec,4,48,Weekly,34.18,25.265,19.95,302.162,52.0,2.0,55.0,4.2,494.75699999999995
2016-12-11,2016,12,Dec,4,49,Weekly,41.85,23.892,37.75,275.424,37.0,4.0,71.0,11.0,501.916
2016-12-18,2016,12,Dec,4,50,Weekly,35.14,27.539,25.4,303.525,88.33333333,6.0,88.0,9.2,583.13733333
2016-12-25,2016,12,Dec,4,51,Weekly,26.0,29.634,19.1,315.2,28.0,3.0,31.0,6.5,458.43399999999997
2017-01-01,2017,1,Jan,1,52,Weekly,49.20375,42.70525,31.52916667,546.899,53.75,6.875,55.25,4.625,790.83716667
2017-01-08,2017,1,Jan,1,1,Weekly,33.6875,30.3825,33.54166667,343.35,62.91666667,3.958333333,47.65625,14.58333333,570.0762500029999
2017-01-15,2017,1,Jan,1,2,Weekly,48.74583333,34.27541667,60.125,368.4791667,120.0,5.416666667,31.66666667,12.16666667,680.875416707
2017-01-22,2017,1,Jan,1,3,Weekly,39.45416667,30.46041667,41.5,320.5833333,115.8333333,9.583333333,45.41666667,15.83333333,618.6645832730001
2017-01-29,2017,1,Jan,1,4,Weekly,43.97083333,42.04583333,44.70833333,298.505,105.8333333,8.333333333,55.41666667,12.70833333,611.5216666230001
2017-02-05,2017,2,Feb,1,5,Weekly,54.1575,42.41791667,40.70833333,265.8933333,79.33333333,9.166666667,44.33333333,14.43333333,550.443749957
2017-02-12,2017,2,Feb,1,6,Weekly,47.3225,29.09,33.55,146.2,39.0,3.0,27.0,9.0,334.16249999999997
2017-02-19,2017,2,Feb,1,7,Weekly,27.33,22.648,11.75,128.05,18.0,0.0,18.0,10.3,236.07800000000003
2017-02-26,2017,2,Feb,1,8,Weekly,32.67,32.354,32.2,170.7,49.875,2.0,36.0,8.2,363.99899999999997
2017-03-05,2017,3,Mar,1,9,Weekly,46.35,31.48,34.6,134.7,53.0,4.0,48.0,19.5,371.63
2017-03-12,2017,3,Mar,1,10,Weekly,37.51,27.736,26.2,171.1,31.0,7.0,20.0,17.0,337.546
2017-03-19,2017,3,Mar,1,11,Weekly,33.99,18.654,19.2,146.1,35.0,0.0,25.0,11.0,288.944
2017-03-26,2017,3,Mar,1,12,Weekly,36.83,29.719,18.85,122.0,36.0,0.0,31.0,32.1,306.499
2017-04-02,2017,4,Apr,2,13,Weekly,28.18,18.389,29.0,138.4,39.0,0.0,20.0,37.9,310.86899999999997
2017-04-09,2017,4,Apr,2,14,Weekly,32.66,21.023,23.4,119.1,34.0,3.0,47.0,22.5,302.683
2017-04-16,2017,4,Apr,2,15,Weekly,48.66,15.904,18.4,126.65,21.0,2.0,58.0,23.2,313.814
2017-04-23,2017,4,Apr,2,16,Weekly,32.3,26.812,27.0,130.7,38.0,2.0,17.875,16.0,290.687
2017-04-30,2017,4,Apr,2,17,Weekly,32.99,31.253,25.7,106.75,33.0,2.0,48.0,45.3,324.993
2017-05-07,2017,5,May,2,18,Weekly,25.34,27.396,19.05,92.85,30.0,0.0,44.0,25.1,263.736
2017-05-14,2017,5,May,2,19,Weekly,38.98,23.892,31.95,109.9,36.0,14.0,24.0,40.7,319.42199999999997
2017-05-21,2017,5,May,2,20,Weekly,31.67,31.409,11.2,150.6,32.0,3.0,27.0,39.0,325.879
2017-05-28,2017,5,May,2,21,Weekly,32.33,25.58,23.85,129.39,37.0,0.0,23.0,42.01,313.15999999999997
2017-06-04,2017,6,Jun,2,22,Weekly,31.01,20.991,24.15,137.4,38.0,9.0,44.0,26.0,330.55100000000004
2017-06-11,2017,6,Jun,2,23,Weekly,30.49,30.596,27.25,122.95,37.0,0.0,37.0,38.7,323.986
2017-06-18,2017,6,Jun,2,24,Weekly,21.66,30.099,14.25,96.45,40.0,3.0,40.0,44.37,289.829
2017-06-25,2017,6,Jun,2,25,Weekly,28.16,14.98,22.1,128.0,31.0,2.0,23.0,34.83,284.07
2017-07-02,2017,7,Jul,3,26,Weekly,34.68,22.198,27.75,95.5,41.0,0.0,39.0,31.0,291.128
2017-07-09,2017,7,Jul,3,27,Weekly,35.49,24.249,22.1,110.6,63.0,1.0,37.0,20.0,313.43899999999996
2017-07-16,2017,7,Jul,3,28,Weekly,27.67,36.152,14.15,111.0,41.0,5.0,25.0,13.0,272.972
2017-07-23,2017,7,Jul,3,29,Weekly,41.83,27.196,21.5,117.0,43.0,8.0,31.0,25.0,314.526
2017-07-30,2017,7,Jul,3,30,Weekly,29.635,21.789,12.2,100.75,52.0,1.0,7.0,13.1,237.47400000000002
2017-08-06,2017,8,Aug,3,31,Weekly,41.66,17.361,13.25,112.912,41.0,2.0,13.0,17.0,258.183
2017-08-13,2017,8,Aug,3,32,Weekly,20.01,26.372,22.0,103.788,66.0,5.0,12.0,10.5,265.67
2017-08-20,2017,8,Aug,3,33,Weekly,35.82,24.529,24.15,115.85,56.0,0.0,20.0,14.5,290.849
2017-08-27,2017,8,Aug,3,34,Weekly,40.65,27.929,12.55,170.75,60.0,2.0,23.0,12.0,348.879
2017-09-03,2017,9,Sep,3,35,Weekly,55.86,27.681,27.7,124.4,48.0,3.0,16.0,14.1,316.74100000000004
2017-09-10,2017,9,Sep,3,36,Weekly,38.17,32.36,24.8,182.7,44.0,1.0,8.0,21.5,352.53
2017-09-17,2017,9,Sep,3,37,Weekly,27.0,24.063,24.65,152.95,73.0,3.0,30.0,18.4,353.063
2017-09-24,2017,9,Sep,3,38,Weekly,39.98,30.489,11.1,219.75,48.0,7.0,19.0,18.0,393.31899999999996
2017-10-01,2017,10,Oct,4,39,Weekly,20.67,27.098,17.6,323.05,42.0,13.0,98.0,4.0,545.418
2017-10-08,2017,10,Oct,4,40,Weekly,32.66,22.364,23.5,305.15,48.0,4.0,49.0,12.0,496.674
2017-10-15,2017,10,Oct,4,41,Weekly,33.67,17.809,14.5,222.6,41.0,3.0,52.0,13.5,398.079
2017-10-22,2017,10,Oct,4,42,Weekly,29.5,22.792,23.0,268.9,73.0,5.0,44.0,10.0,476.192
2017-10-29,2017,10,Oct,4,43,Weekly,31.98,14.858,30.4,244.8,48.0,2.0,73.0,12.5,457.538
2017-11-05,2017,11,Nov,4,44,Weekly,29.5,31.459,21.05,221.75,35.0,3.0,35.0,12.2,388.959
2017-11-12,2017,11,Nov,4,45,Weekly,40.52,25.356,27.45,184.2,44.0,3.0,51.0,8.5,384.026
2017-11-19,2017,11,Nov,4,46,Weekly,35.32,28.181,22.9,191.1,40.0,3.0,69.0,8.9,398.40099999999995
2017-11-26,2017,11,Nov,4,47,Weekly,45.99,31.004,20.5,203.624,64.0,3.0,21.0,7.0,396.118
2017-12-03,2017,12,Dec,4,48,Weekly,38.34,26.156,27.55,218.825,35.0,3.0,40.0,17.5,406.371
2017-12-10,2017,12,Dec,4,49,Weekly,27.01,20.066,29.5,215.6,50.0,1.0,64.0,13.0,420.176
2017-12-17,2017,12,Dec,4,50,Weekly,38.51,28.746,24.4,240.0,53.0,2.0,34.0,12.0,432.656
2017-12-24,2017,12,Dec,4,51,Weekly,24.33,21.46,22.6,168.7,38.0,0.0,32.0,5.6,312.69
2017-12-31,2017,12,Dec,4,52,Weekly,50.17,34.038,29.65,302.08,68.0,3.0,63.0,11.0,560.938
2018-01-07,2018,1,Jan,1,1,Weekly,28.33,17.311,11.45,230.2,31.0,0.0,39.0,16.0,373.291
2018-01-14,2018,1,Jan,1,2,Weekly,34.48,30.345,28.1,255.525,52.0,6.0,44.0,6.0,456.45
2018-01-21,2018,1,Jan,1,3,Weekly,36.65,19.624,22.5,226.8,49.0,2.0,75.0,9.5,441.074
2018-01-28,2018,1,Jan,1,4,Weekly,25.83,28.967,27.85,306.5,64.0,0.0,47.0,13.0,513.1469999999999
2018-02-04,2018,2,Feb,1,5,Weekly,26.98,38.715,26.55,318.1,64.0,3.0,34.0,17.4,528.745
2018-02-11,2018,2,Feb,1,6,Weekly,42.18,28.725,31.6,366.95,76.0,0.0,71.25,6.66,623.3649999999999
2018-02-18,2018,2,Feb,1,7,Weekly,31.51,43.618,28.7,338.562,62.0,1.0,48.0,6.0,559.39
2018-02-25,2018,2,Feb,1,8,Weekly,29.35,29.305,28.55,229.1,49.0,0.0,70.0,11.0,446.305
2018-03-04,2018,3,Mar,1,9,Weekly,19.33,20.772,33.2,256.549,115.0,16.0,68.0,14.5,543.351
2018-03-11,2018,3,Mar,1,10,Weekly,36.65,29.928,33.75,223.9,91.0,17.0,68.0,16.4,516.628
2018-03-18,2018,3,Mar,1,11,Weekly,31.33,21.538,19.65,207.8,77.0,2.0,61.0,24.0,444.318
2018-03-25,2018,3,Mar,1,12,Weekly,28.01,20.736,25.9,241.112,50.0,3.0,58.0,17.5,444.258
2018-04-01,2018,4,Apr,2,13,Weekly,43.0,27.77,20.3,224.724,117.0,16.0,51.0,21.1,520.894
2018-04-08,2018,4,Apr,2,14,Weekly,38.85,23.301,22.9,209.525,83.0,7.0,60.0,36.5,481.076
2018-04-15,2018,4,Apr,2,15,Weekly,38.83,22.308,23.5,175.7,64.0,3.0,52.0,53.5,432.83799999999997
2018-04-22,2018,4,Apr,2,16,Weekly,29.84,26.671,10.15,211.025,51.0,0.0,28.0,38.7,395.386
2018-04-29,2018,4,Apr,2,17,Weekly,50.67,25.443,25.05,155.912,60.0,3.0,66.0,56.4,442.47499999999997
2018-05-06,2018,5,May,2,18,Weekly,29.01,28.895,18.25,136.737,53.0,0.0,26.0,65.0,356.892
2018-05-13,2018,5,May,2,19,Weekly,53.82,24.282,25.15,160.8,66.0,4.0,31.0,51.0,416.052
2018-05-20,2018,5,May,2,20,Weekly,27.69,24.286,17.0,156.8,59.0,7.0,47.0,39.4,378.176
2018-05-27,2018,5,May,2,21,Weekly,31.16,20.346,24.15,135.786,60.0,2.0,31.0,37.0,341.442
2018-06-03,2018,6,Jun,2,22,Weekly,49.17,20.385,16.85,143.05,59.0,4.0,45.0,41.64,379.095
2018-06-10,2018,6,Jun,2,23,Weekly,30.32,26.023,17.45,138.45,61.0,6.0,23.0,24.4,326.643
2018-06-17,2018,6,Jun,2,24,Weekly,31.52,31.195,20.6,124.569,57.0,0.0,16.0,30.4,311.284
2018-06-24,2018,6,Jun,2,25,Weekly,27.51,29.299,20.75,143.062,45.0,3.0,29.0,32.6,330.221
2018-07-01,2018,7,Jul,3,26,Weekly,28.5,23.39,20.0,125.862,66.0,5.0,31.0,23.4,323.152
2018-07-08,2018,7,Jul,3,27,Weekly,30.99,33.31,21.75,136.45,78.0,3.0,41.0,33.5,378.0
2018-07-15,2018,7,Jul,3,28,Weekly,33.67,31.353,22.65,189.4,62.0,9.0,11.0,23.4,382.47299999999996
2018-07-22,2018,7,Jul,3,29,Weekly,33.66,32.057,16.3,165.6,65.0,2.0,24.0,29.0,367.61699999999996
2018-07-29,2018,7,Jul,3,30,Weekly,39.53,22.07,17.2,126.9,57.0,3.0,4.0,25.3,295.0
2018-08-05,2018,8,Aug,3,31,Weekly,26.34,20.936,18.3,106.0,58.0,8.0,9.0,29.3,275.876
2018-08-12,2018,8,Aug,3,32,Weekly,38.65,27.817,29.0,147.788,66.0,2.0,13.0,23.0,347.255
2018-08-19,2018,8,Aug,3,33,Weekly,31.32,33.509,16.4,169.85,56.0,7.0,28.0,20.0,362.079
2018-08-26,2018,8,Aug,3,34,Weekly,35.34,30.097,18.55,223.1,44.0,2.0,79.0,24.8,456.887
2018-09-02,2018,9,Sep,3,35,Weekly,27.7,17.799,19.5,165.1,54.0,4.0,36.0,17.0,341.099
2018-09-09,2018,9,Sep,3,36,Weekly,34.16,20.522,17.6,223.2,63.0,0.0,43.0,21.7,423.18199999999996
2018-09-16,2018,9,Sep,3,37,Weekly,40.16,20.918,19.25,253.55,71.0,6.0,42.0,17.4,470.278
2018-09-23,2018,9,Sep,3,38,Weekly,33.34,32.186,17.2,222.162,64.0,3.0,47.0,28.0,446.88800000000003
2018-09-30,2018,9,Sep,3,39,Weekly,36.84,35.993,27.25,320.35,54.0,2.0,67.0,17.0,560.433
2018-10-07,2018,10,Oct,4,40,Weekly,30.52,31.639,15.8,262.95,60.0,3.0,63.0,9.1,476.009
2018-10-14,2018,10,Oct,4,41,Weekly,32.66,28.57,20.65,239.5,87.0,7.0,56.0,22.0,493.38
2018-10-21,2018,10,Oct,4,42,Weekly,32.85,27.164,13.1,241.0,50.0,9.0,67.0,25.0,465.11400000000003
2018-10-28,2018,10,Oct,4,43,Weekly,32.0,30.677,20.15,300.725,71.0,6.0,116.0,14.8,591.352
2018-11-04,2018,11,Nov,4,44,Weekly,46.65,21.431,15.55,240.1,42.2,3.0,46.0,12.3,427.231
2018-11-11,2018,11,Nov,4,45,Weekly,39.99,19.789,34.55,255.85,70.0,5.0,93.0,8.9,527.079
2018-11-18,2018,11,Nov,4,46,Weekly,37.34,26.113,28.0,236.1,63.0,5.0,100.0,7.4,502.953
2018-11-25,2018,11,Nov,4,47,Weekly,43.33,29.494,23.4,201.0,54.0,6.0,67.0,11.3,435.524
2018-12-02,2018,12,Dec,4,48,Weekly,31.83,34.568,19.05,253.9,55.0,6.0,70.0,24.5,494.848
2018-12-09,2018,12,Dec,4,49,Weekly,23.49,21.509,15.7,222.6,60.0,0.0,56.0,9.0,408.299
2018-12-16,2018,12,Dec,4,50,Weekly,23.34,21.913,19.7,249.7,51.0,5.0,98.0,10.8,479.45300000000003
2018-12-23,2018,12,Dec,4,51,Weekly,37.68,17.239,13.8,240.6,53.0,9.0,58.0,9.0,438.31899999999996
2018-12-30,2018,12,Dec,4,52,Weekly,45.03,33.145,18.3,349.85,67.0,10.0,96.0,10.3,629.625
2019-01-06,2019,1,Jan,1,1,Weekly,41.0,31.263,23.55,289.65,51.0,2.0,54.0,11.0,503.46299999999997
2019-01-13,2019,1,Jan,1,2,Weekly,35.66,28.404,20.2,354.8,79.2,6.0,50.0,6.0,580.264
2019-01-20,2019,1,Jan,1,3,Weekly,51.19,52.069,27.95,384.05,69.0,3.0,121.0,13.0,721.259
2019-01-27,2019,1,Jan,1,4,Weekly,38.35,53.243,22.5,478.3,69.0,9.0,93.0,9.0,772.393
2019-02-03,2019,2,Feb,1,5,Weekly,52.18,53.571,30.65,348.562,64.0,5.0,131.0,13.7,698.663
2019-02-10,2019,2,Feb,1,6,Weekly,32.35,47.251,28.7,297.45,50.0,4.0,62.0,15.7,537.451
2019-02-17,2019,2,Feb,1,7,Weekly,35.01,36.772,31.8,249.912,78.4,0.0,35.0,16.6,483.494
2019-02-24,2019,2,Feb,1,8,Weekly,22.35,24.635,16.4,204.0,71.0,3.0,31.0,13.3,385.685
2019-03-03,2019,3,Mar,1,9,Weekly,26.68,18.414,20.85,187.8,49.0,6.0,57.0,23.9,389.644
2019-03-10,2019,3,Mar,1,10,Weekly,30.51,16.569,21.7,231.9,72.0,5.0,26.0,32.6,436.279
2019-03-17,2019,3,Mar,1,11,Weekly,43.51,22.953,20.2,251.45,66.0,5.0,88.0,32.0,529.113
2019-03-24,2019,3,Mar,1,12,Weekly,35.99,20.661,13.95,196.6,68.4,2.0,74.0,48.0,459.601
2019-03-31,2019,3,Mar,1,13,Weekly,31.17,43.774,20.0,172.9,69.0,4.0,53.0,49.5,443.344
2019-04-07,2019,4,Apr,2,14,Weekly,36.19,25.685,26.5,173.35,62.0,1.0,51.0,57.6,433.32500000000005
2019-04-14,2019,4,Apr,2,15,Weekly,30.33,28.165,14.5,125.5,72.4,4.0,42.0,40.5,357.395
2019-04-21,2019,4,Apr,2,16,Weekly,29.84,24.027,14.55,117.9,80.0,9.0,36.0,33.2,344.517
2019-04-28,2019,4,Apr,2,17,Weekly,57.7,14.514,21.95,181.3,67.0,6.0,62.0,36.4,446.864
2019-05-05,2019,5,May,2,18,Weekly,31.36,27.413,28.55,157.6,52.0,7.0,64.0,45.4,413.323
2019-05-12,2019,5,May,2,19,Weekly,36.35,19.968,22.2,149.1,79.0,8.0,123.0,24.0,461.618
2019-05-19,2019,5,May,2,20,Weekly,40.0,18.023,23.65,160.0,68.0,5.0,61.29166667,23.4,399.36466666999996
2019-05-26,2019,5,May,2,21,Weekly,42.17,28.925,24.35,194.4,49.8,5.0,65.0,34.0,443.64500000000004
2019-06-02,2019,6,Jun,2,22,Weekly,32.49,14.703,25.0,141.462,40.0,4.0,27.0,28.0,312.655
2019-06-09,2019,6,Jun,2,23,Weekly,37.67,16.537,28.8,157.6,52.0,7.0,45.0,28.1,372.707
2019-06-16,2019,6,Jun,2,24,Weekly,37.2,23.259,24.75,123.6,46.0,1.0,23.0,57.0,335.80899999999997
2019-06-23,2019,6,Jun,2,25,Weekly,35.66,27.388,20.5,148.5,49.0,10.0,32.0,35.94,358.988
2019-06-30,2019,6,Jun,2,26,Weekly,34.01,30.443,20.1,130.9,41.0,6.0,28.0,27.0,317.453
2019-07-07,2019,7,Jul,3,27,Weekly,34.65,20.777,19.0,132.05,47.0,1.0,17.0,28.8,300.277
2019-07-14,2019,7,Jul,3,28,Weekly,44.0,31.319,28.05,149.6,53.6,8.0,15.0,21.0,350.569
2019-07-21,2019,7,Jul,3,29,Weekly,47.33,18.649,17.45,149.2,55.0,2.0,15.0,28.0,332.629
2019-07-28,2019,7,Jul,3,30,Weekly,36.52,19.439,19.3,124.375,70.0,5.0,30.0,18.4,323.034
2019-08-04,2019,8,Aug,3,31,Weekly,44.01,23.3,21.3,156.45,54.0,11.0,48.0,19.7,377.76
2019-08-11,2019,8,Aug,3,32,Weekly,40.99,19.219,21.3,86.25,57.0,8.0,66.0,20.0,318.759
2019-08-18,2019,8,Aug,3,33,Weekly,45.18,19.109,13.55,125.0,53.0,2.0,35.0,23.0,315.839
2019-08-25,2019,8,Aug,3,34,Weekly,41.87,27.516,17.05,115.45,61.0,6.0,24.0,20.5,313.38599999999997
2019-09-01,2019,9,Sep,3,35,Weekly,30.36,16.842,25.0,117.4,45.2,4.0,15.0,27.1,280.90200000000004
2019-09-08,2019,9,Sep,3,36,Weekly,40.71,26.767,15.75,154.755,51.0,6.0,15.0,28.5,338.48199999999997
2019-09-15,2019,9,Sep,3,37,Weekly,35.51,30.977,19.65,178.375,67.2,5.0,30.0,30.5,397.212
2019-09-22,2019,9,Sep,3,38,Weekly,46.84,25.396,24.4,248.25,31.2,3.0,26.0,21.0,426.08599999999996
2019-09-29,2019,9,Sep,3,39,Weekly,34.01,22.498,26.6,336.7,61.2,1.0,40.41666667,23.1,545.52466667
2019-10-06,2019,10,Oct,4,40,Weekly,38.7,32.502,19.25,249.45,69.0,5.0,30.0,12.13,456.032
2019-10-13,2019,10,Oct,4,41,Weekly,7.67,6.237,3.5,95.1,26.0,2.0,12.0,1.0,153.507
